{
  "project_info": {
    "project_number": "1064129444568",
    "firebase_url": "https://mobileproject-37bff-default-rtdb.firebaseio.com",
    "project_id": "mobileproject-37bff",
    "storage_bucket": "mobileproject-37bff.appspot.com"
  },
  "client": [
    {
      "client_info": {
        "mobilesdk_app_id": "1:1064129444568:android:79f03dcae2534c27b3f5ad",
        "android_client_info": {
          "package_name": "com.example.mobileproject"
        }
      },
      "oauth_client": [
        {
          "client_id": "1064129444568-aqpfuu6b4jr4s3vb3ut1fnveji35fhor.apps.googleusercontent.com",
          "client_type": 1,
          "android_info": {
            "package_name": "com.example.mobileproject",
            "certificate_hash": "c2d0d7573851ee17f7c66845a41e0ac91ed63bdb"
          }
        },
        {
          "client_id": "1064129444568-onvu2hdt7104sdoj86qe90in920ap44i.apps.googleusercontent.com",
          "client_type": 3
        }
      ],
      "api_key": [
        {
          "current_key": "AIzaSyCywxvy7I4ljFNYgWQp5vk9tNqo4Ok9UlA"
        }
      ],
      "services": {
        "appinvite_service": {
          "other_platform_oauth_client": [
            {
              "client_id": "1064129444568-onvu2hdt7104sdoj86qe90in920ap44i.apps.googleusercontent.com",
              "client_type": 3
            }
          ]
        }
      }
    }
  ],
  "configuration_version": "1"
}